<?xml version="1.0" encoding="UTF-8"?>
<!-- Generated by JClic - https://projectestac.github.io/jclic -->
<manifest identifier="JClic-BCF82D" version="1.0" xmlns="http://www.imsproject.org/xsd/imscp_rootv1p1p2" xmlns:adlcp="http://www.adlnet.org/xsd/adlcp_rootv1p2" xmlns:xsi="http://www.w3.org/2001/XMLSchema-instance" xsi:schemaLocation= "http://www.imsproject.org/xsd/imscp_rootv1p1p2 imscp_rootv1p1p2.xsd http://www.imsglobal.org/xsd/imsmd_rootv1p2p1 imsmd_rootv1p2p1.xsd http://www.adlnet.org/xsd/adlcp_rootv1p2 adlcp_rootv1p2.xsd">
 <metadata> 
  <schema>ADL SCORM</schema>
  <schemaversion>1.2</schemaversion>
 </metadata> 
 <organizations default="JClic">  
  <organization identifier="JClic">  
   <title>Modelo_fisico</title>
   <item identifier="ITEM_JClic-BCF82D" identifierref="RES_JClic-BCF82D">
    <title>Modelo_fisico</title>
   </item>
  </organization>
 </organizations>
 <resources>
  <resource identifier="RES_JClic-BCF82D" type="webcontent" href="/index.html" adlcp:scormtype="sco"> 
   <file href="app_icon_ibmdb2.png"/>
   <file href="favicon.ico"/>
   <file href="firebird.png"/>
   <file href="icon-192.png"/>
   <file href="icon-72.png"/>
   <file href="imsmanifest.xml"/>
   <file href="index.html"/>
   <file href="interbase.png"/>
   <file href="mariadb_usa_inc.png"/>
   <file href="modelo_fisico.jclic"/>
   <file href="modelo_fisico.jclic.js"/>
   <file href="mysql.png"/>
   <file href="oracle.png"/>
   <file href="post_sql.png"/>
   <file href="project-cover.jpg"/>
   <file href="project-thumb.jpg"/>
   <file href="project.json"/>
   <file href="sql_serv.png"/>
   <file href="sysbase.png"/>
  </resource>
 </resources>
</manifest>